pH,MOI,TN,TP,AP,NH4,NO3,SOC,MAT,MAP,PBM,PCV,PSR
-1.6396546526390177,-0.16103844532426456,-0.11624063143193983,-0.44892589484677026,0.1796696502471262,0.44717535300708783,-0.5148515321814456,-0.2922788031657618,0.8420220534275671,0.024872216882739457,0.17638650134551279,0.4265954582455067,0.22757812057436094
0.9429125652320217,-0.5549069330012005,-0.7919729994627559,0.029522093874298234,-0.78701735318521715,-0.3426843206807884,-0.419775598943212,-0.6977893111134001,-1.551967031825971,0.2701303515932243,-0.024651462500015785,0.008333099184369315,-0.8352946549131851
-1.3387570911092184,-0.27625220200829437,0.199881689255744,-0.1490032750514736,-0.10273314080407243,0.7179843839857882,-0.4922144052199614,0.4610599555091621,-0.8480169388951007,1.2124315366173322,0.7382903947530982,-0.7933364223494774,0.8349339922815301
-1.2035946946598932,-0.16584107885127589,-0.26008465036919265,-0.456066909603801,0.09277663416196893,-0.13280732167229553,-0.1677489187720214,-0.007572045734262434,0.7833595183491232,-0.8735130929947261,-0.8096833637952516,-0.5144948496420525,-1.290811558693562
-1.1762407219556166,1.0043820809105601,0.2918749571807313,-0.47748995387489374,2.2433841587884236,0.7924568675049307,-0.5827629130658981,0.03580921997889977,-0.2893263553454783,-0.2247165368584459,0.1264518639729854,0.18260908212650992,0.9867729602083224
0.4263991216578137,0.5467349908546453,-0.35709573290827024,-0.12043921602335009,0.5489661090827322,-0.36525173992901344,-0.5540892189146848,-0.3604838909943437,-0.8480169388951007,1.2124315366173322,2.117897178963595,-0.026522097404058802,0.6830950243547378
-0.044255651692515774,1.330296703727827,0.0945075823598493,-0.006182979910856008,-0.3471203595116241,0.6547956100907578,0.5581482857929045,0.39429483397433773,-0.26139182371207836,-0.42398504092881545,0.16097915970268836,0.3568850650686505,-0.07609981527922365
0.3033047963200348,0.5885772400967344,0.5594917365988762,0.19376543328600832,-0.49375269073615513,0.4291214176085075,0.054094925450523516,-0.24225196356696713,-0.26139182371207836,-0.42398504092881545,0.6064926529891783,1.053988996837213,0.9867729602083224
-1.7056264529002445,-0.21014027381664296,0.004186919306225364,0.11521427095866879,0.26656331803153344,0.5893500942709055,-0.5737080622813043,-0.29300430342487727,1.5124507277126833,0.8172493221881083,0.4628145514042854,0.4614506548339348,1.1386119281351146
0.7570642701141985,-0.6476218659550872,-0.47083286416098186,-0.02760602418194849,-0.5426301344776654,1.0519821888595187,-0.2990442551486297,-0.49584730070292116,-1.5826950159150717,-1.2458833806346028,-0.5759744104420472,-0.8630468155263337,-1.1389725907667696
0.1271109580914506,0.3104324412350745,0.224970762326195,0.24375253658522464,0.04389919042045863,0.2124741928255474,0.34385015055752094,0.4018392727612903,0.14696019346732586,1.4720844171753626,0.6064926529891783,1.053988996837213,-0.22793878320601593
0.5615615181071388,-0.2767621341395407,-0.35709573290827024,-0.7702715589131596,-0.21678050953426325,0.1312314835319374,-0.42581216613294104,-0.48173707396114274,-0.015567982634806193,1.3976102395494443,-0.0432145247202862,0.008333099184369315,-0.6834556869863928
-0.8994793026489106,0.9281085960671626,0.020912968019859514,-0.5988872047444186,2.8081903925900713,0.5916068361957278,-0.4605224274738835,-0.14880375309298255,-0.2893263553454783,-0.2247165368584459,1.973290924267689,0.8797130138950723,2.201484703622661
-1.4658744286327423,-0.40038204474472283,0.3554339422925406,1.9861601373007574,-0.23307299078143331,-0.04028090275457303,-0.4952326888148259,0.09529620949050054,0.942586326015109,1.5009346673642134,3.9107177281973122,1.053988996837213,1.5941288319154916
-0.8672981015000153,0.3722423965376656,1.4861148353342033,1.6076863551781215,0.2719939278808401,-0.36525173992901344,4.829019572526254,0.7110335206583998,-0.8033216846186026,-0.12340494645432518,0.773560212971612,1.2282649797793534,0.8349339922815301
1.2277190434645289,-0.43128702239601835,-0.6046412538700544,-0.35609270300536866,-0.6892624657021964,-0.3065764498836283,-0.44995843489185755,-0.7232259570803337,-0.7111377059189891,-0.14934782921605833,-1.1105906023858352,-1.2115987814106148,-0.6834556869863928
0.6098338025533272,-0.5549069330012005,0.21828034284074138,-0.12043921602335009,-0.03756321581539193,0.3817298371872351,-0.3986476137791601,-0.12601086487051225,-0.4262055225529957,-0.776227090181572,0.012474661940525045,-0.026522097404058802,-0.07609981527922365
-1.4465655148542678,-0.12223724588306298,0.42902855663253064,1.4363020010093805,-0.44487524699464476,0.5239045784510528,-0.5073058231942842,0.19132855045746797,0.942586326015109,1.5009346673642134,2.8526231816418983,0.7054370309529316,1.290450896061907
-1.3114031184049417,-0.4288671626459219,0.8471797744733822,0.8793028499609724,0.1796696502471262,1.2189810912963837,-0.4097146335051061,0.162493787746026,0.5822309015778477,1.0963595715208716,2.2578626681044347,1.2282649797793534,1.5941288319154916
0.04987530297755029,-0.17890461290447854,0.39557645920526235,-0.1775673340795968,0.809645809037454,0.16282587047945224,-0.5163606739788777,0.05867276967732365,-0.20552274670880788,0.08568361933782247,1.0485255721093676,1.053988996837213,0.9867729602083224
-0.29768514503500115,-0.585811910652496,-0.7953182092054827,-1.1630273705498575,-0.6566775032078561,-0.771465286397064,-0.42883044972780565,-0.6603554923913136,0.6883821294438822,1.082269657657999,-1.124512899051038,-1.3161643711758992,-0.5316167190596005
0.9067083518973813,-0.5549069330012005,-0.7451400630645805,-0.5631821309592642,-0.6729699844550263,-0.30206296603398325,-0.3413002254767335,-0.7274637358679307,-0.1859685791026304,-0.5212708897766631,0.12385303526214754,0.09547109065543961,0.22757812057436094
-1.6686180233067305,0.5885772400967344,1.7336603562959874,2.014724196328881,0.5815510715770723,2.18035315127077,-0.3141356731229525,2.116192141118587,0.6716214151259229,0.06781216548300112,0.4394250930067446,0.8797130138950723,1.7459677998422838
-1.7152809097894826,0.5979043623518953,1.9377181506023227,0.6436493629789536,2.547510692635349,0.46748603033049013,1.2568809380040498,1.0298154486396316,-0.4764876915229325,0.8192621817187777,1.1875165004836425,-0.16594288375777128,0.6830950243547378
0.15124710031454391,-0.4261753390924941,-0.04599122683467679,-0.6774383670717581,1.1789422678730597,-0.7872624798708214,0.055604067247955816,-0.19651637630513996,-1.2837955827582668,-0.13011429443129557,1.0624478687745704,1.053988996837213,0.5312560564279455
-1.2937036025899025,1.519221922607962,1.1750103292606096,0.3794318169688112,2.7212967248056636,1.4153176387559416,-0.07267298553378787,0.8665080776492016,-0.8424300035969382,0.3321616172186912,1.837223678193107,1.053988996837213,1.5941288319154916
0.5832840461079233,2.5974007874309444,-0.13296668014557383,-0.08473414223819553,-0.29824291577011375,-0.843681027991384,0.16878970205537672,0.3665639181034687,0.7302839285590068,-1.8231945637973823,0.0681638486013363,0.18260908212650992,-0.6834556869863928
0.7980957118934584,-0.6167168883037916,-0.5845699954136935,-0.5560411162022333,-0.5752150969720057,-0.4690618684708486,-0.28395283717430686,-0.6369378973063585,-0.1859685791026304,-0.5212708897766631,-0.9992122290642126,-0.5493500462304806,-0.8352946549131851
0.21400107009458824,0.06319262002471014,0.3420531033216333,0.3008806546414717,-0.3471203595116241,-0.18019890209356829,-0.32017224031268154,0.0776964092590605,0.5515029480836322,0.18992291837434755,-0.2659712713635312,-0.4099292598767681,0.22757812057436094
0.4263991216578137,-0.585811910652496,0.4725162832879792,0.3651497874547494,0.25570144663367006,1.3227912198382186,-0.33526365828700433,-0.027612743737157636,-0.4262055225529957,-0.776227090181572,-0.7857370135311028,-1.3858747643527554,-0.9871336228399774
0.8415407678950273,-0.524001955349905,-0.7752469507491218,0.10093224144460704,-0.78701735318521715,-0.5322506423658786,-0.46504985286618034,-0.7120347071049759,-1.551967031825971,0.2701303515932243,-1.0224160568395506,-0.5842052428189087,-0.3797777511328082
-1.687926937085206,3.4009302063646283,1.7002082588687193,1.3863148977101643,0.19053152164498954,-0.21179328904108313,-0.3835561958048373,6.596615646848443,0.9314125286800052,1.5324687226790104,0.634337246319584,1.053988996837213,-0.6834556869863928
-0.04184203747020687,3.3391202510620372,3.7207149434757136,0.9150079237461264,1.9501194963393615,0.4742562561049576,0.7543367194591009,2.8511627355848086,0.3531678131141709,-0.056311296722852976,0.773560212971612,1.2282649797793534,0.8349339922815301
-0.9734971272816285,1.6256555751412587,1.2987830897415018,0.3080216693985024,0.37517942521316755,0.05675900001279454,-0.41072074815861825,1.0899901674111894,0.04030107751006084,-0.04960179777989199,2.1368315024282714,1.158554586602497,2.201484703622661
0.39743575099010087,0.681292173050621,-0.019229548892862266,-0.3703747325194304,0.109069115409139,-0.04028090275457303,0.09635089577862739,0.15933142145132062,-1.0435585970578274,-0.7179775557208917,0.6064926529891783,1.2282649797793534,-0.8352946549131851
-0.1214913068064161,1.2684867484252362,0.7200618042497634,0.33658572842662593,0.060191671667628684,0.5374450299999879,0.27744791147050085,1.0391561318528526,-0.26139182371207836,-0.42398504092881545,0.34660978190539254,0.7054370309529316,0.5312560564279455
-1.9357249857241983,-0.4694948462663151,0.1614117772143856,-0.12043921602335009,0.02760670917328843,-0.026740451205637818,-0.6401103013683247,-0.05848820138627532,1.5124507277126833,0.8172493221881083,0.9302324581106943,0.04318829577279743,-0.5316167190596005
0.009648077457163937,1.4448490938901193,0.199881689255744,-0.6274512637725419,2.1130443088110624,0.2237579024496599,-0.4590132856764512,0.33982014092970547,-0.2893263553454783,-0.2247165368584459,-0.7321825790256226,0.5311610480107911,0.37941708850115324
0.4022629794347195,0.49586230714284774,0.1814830356707465,-0.5417590866881715,-0.15161058454558274,-0.42844051382404347,-0.23566029965647392,-0.007114125418623178,-1.0435585970578274,-0.7179775557208917,0.5136773418878263,1.053988996837213,-0.6834556869863928
-0.9815421862074296,-0.040039276823912215,0.5695273658270568,-0.6060282195014495,0.5055192751905284,0.045475290388682026,-0.5661623532941429,0.42709427841766406,-0.3451954094546181,-0.1717124899349211,0.540779412729421,0.8797130138950723,0.22757812057436094
-0.23010394681033816,2.07201616735892,3.115231980042161,1.2220715582984545,1.2006653589695366,0.15831238662980718,1.1980244079041906,1.9800382989838015,0.3531678131141709,-0.056311296722852976,0.7921232751918825,1.2282649797793534,1.1386119281351146
0.47949863454861985,-0.524001955349905,0.4223381371470769,0.43655993502505824,-0.2819504345229436,-0.26144161138717825,-0.2930076879589006,0.19149470041443997,0.5515029480836322,0.18992291837434755,0.23523140858377004,0.5311610480107911,-0.3797777511328082
-1.427256601075792,-0.093919014861180955,0.8103824673033871,0.2508935513422553,0.8965388251226112,1.5778030573431616,-0.4167573153483474,1.0396974454419148,-0.12451261612764211,0.3355162839588166,-0.4987520716057222,0.008333099184369315,0.37941708850115324
-1.470701657077361,-0.029522312929176377,-0.09282416323285206,1.5576992518789052,-0.42858276574747467,1.2776563813417685,-0.41072074815861825,0.0519520781866233,1.0375637415607923,1.6921517897991791,0.3651728441256629,0.8797130138950723,2.0496457356958686
0.6902872881484091,0.06931489609743183,-1.0294828911963596,-0.7631305441561287,-0.49375269073615513,-1.306313122579997,-0.419775598943212,-0.40295228682896983,-0.21110963934063517,-0.6872364684886676,1.7850614733541472,0.7054370309529316,-0.07609981527922365
0.06918421675602494,1.1757718154713497,0.887322291386104,0.19376543328600832,0.07648415291479889,0.3569056760141877,0.7000076147515388,0.9057918265435516,-0.26139182371207836,-0.42398504092881545,0.28999244213356784,0.7054370309529316,0.22757812057436094
-1.4079476872973176,-0.24585715648824516,0.6397767704243198,0.8293157466617561,-0.184195547039923,-0.3156034175829183,-0.09078268710297525,0.42978875115537923,2.1689121328510454,1.4558598793613804,0.47655121744728546,1.053988996837213,-0.22793878320601593
0.08849313053450045,-0.524001955349905,-0.7451400630645805,-0.7202844556139434,-0.6892624657021964,-0.6586281901559389,-0.501269256004555,-0.5995252982467204,0.6883821294438822,1.082269657657999,-1.133794430161173,-1.3858747643527554,-0.5316167190596005
0.7329281278911061,-0.3694770670934273,-0.44072597647644063,0.08665021193054527,-0.3145353970172839,0.2576090313219974,0.06013149264025261,-0.288740212255844,-1.6162164220731194,-0.2877846419892691,0.16097915970268836,0.3568850650686505,-0.6834556869863928
-1.0410783255062905,-0.40038204474472283,-0.30357237702464135,0.9864180713164356,-0.3471203595116241,0.8533888994751384,-0.4922144052199614,-0.3385635552917572,0.5263618865968565,1.3768111684166338,0.5879295907689079,1.158554586602497,0.8349339922815301
0.7739595696703643,-0.7094318212576782,-1.002721213254545,-1.2701425919053206,-0.7381399094437068,0.1402584512312272,-0.3186630985152493,-0.8847371260838197,-0.48207458581978896,-0.4930915421927567,-0.13602983582163827,-0.16594288375777128,-0.6834556869863928
0.8753313670073588,-0.7094318212576782,-0.8187346774045704,-0.570323145716295,-0.5263376532304953,-0.2072798051914382,-0.382047054007405,-0.5186384913523956,-0.4262055225529957,-0.776227090181572,-0.5815433291081282,-1.0373227984684743,0.22757812057436094
0.571215974996377,-0.585811910652496,-0.17645440680102237,0.3437267431836569,-0.23307299078143331,-0.20276632134179315,-0.38657447939970185,-0.3572765390152475,0.09058320943313501,1.652566415834782,0.6993079640905304,1.158554586602497,1.290450896061907
0.3008911820977259,-0.524001955349905,0.42902855663253064,0.4079958759969347,0.04389919042045863,1.1648192851006438,-0.40166589737402464,-0.10461380604390673,-0.4262055225529957,-0.776227090181572,-0.2659712713635312,-0.5144948496420525,-0.9871336228399774
-1.761944761717923,0.21067426387445762,0.7970016283324799,0.029522093874298234,0.8313689001339307,1.7154643147573343,-0.4273213079303734,0.6687722287292714,-0.12451261612764211,0.3355162839588166,-0.16498821288526017,0.8797130138950723,0.8349339922815301
-1.4344974437427207,-0.4621920000473139,0.20489950386983413,0.3294447136695952,-0.3145353970172839,0.0770696773361972,-0.5586166443069815,0.20992991875647898,2.431496715511106,1.3741275602463272,0.457988155227015,0.810002620718216,1.4422898639886992
-0.10459600725025035,1.1448668378200542,1.2118076364306047,0.33658572842662593,0.4023337778582011,0.8940102541219433,0.6456785100439767,1.1705032960497954,-0.26139182371207836,-0.42398504092881545,0.5693665285486376,1.123699390014069,0.9867729602083224
0.16572878564840077,1.305504730655958,0.14635833337211498,-0.6560153228006654,1.7003016677825034,-0.13506406359711823,-0.463540711068748,0.1530563428720397,-0.2893263553454783,-0.2247165368584459,-0.21524770384664224,0.04318829577279743,0.37941708850115324
-1.1810679504002353,-0.522592688369006,0.15137614798620525,0.4579829792961507,-0.6892624657021964,0.9617125118666184,-0.560628813248334,-0.19832259397275925,0.5822309015778477,1.0963595715208716,1.7048690445625787,1.123699390014069,1.1386119281351146
-0.3652663432596641,-0.24585715648824516,1.3589968651105842,1.1220973517000217,-0.3145353970172839,-0.06284832200279805,0.24424679192699064,0.8497676737469274,-0.8033216846186026,-0.12340494645432518,0.6064926529891783,1.053988996837213,0.9867729602083224
0.8318863110057899,-0.585811910652496,-0.7618661117782146,0.31516268415553345,-0.39599780325313444,-0.4103865784254635,-0.32319052390754616,-0.6690205415521733,-1.551967031825971,0.2701303515932243,-1.0688237123902267,-0.8630468155263337,-0.3797777511328082
-1.5744870686366643,-0.06042729058047194,0.7100261750215828,2.2503776833108997,-0.0049782533210516785,3.2996971459827322,-0.33526365828700433,0.3250480729161573,-0.08540428653475535,1.501605655199963,0.6064926529891783,1.2282649797793534,1.8978067677690762
-1.1295778354728645,0.4971077777421949,1.6232684347860025,0.5436751563805212,1.9827044588337022,0.45168883685673256,0.9263788843663806,0.8561359066443572,-0.8089085782910721,0.4851353093679724,1.0185926342791816,1.053988996837213,1.7459677998422838
1.3162185534311017,0.3259869164869716,-1.0528993593954472,-0.7559895293990978,0.2882864091280103,-1.2702052517828373,-0.5299429501557684,-9.752770722616648e-4,-0.21110963934063517,-0.6872364684886676,0.14482929557105303,1.053988996837213,-0.5316167190596005
-0.32182128725809533,-0.24178388043380444,0.6899549165652218,-0.7345664851280052,-0.08101004970759555,0.03193483883974713,-0.5737080622813043,0.42102969888987263,-0.3451954094546181,-0.1717124899349211,-0.09407731520382717,1.053988996837213,0.07573915264756866
-1.4771382834854159,0.8976270166096899,0.7066809652788562,2.478890155535888,0.060191671667628684,2.3338116021587,-0.446940151296993,1.30324565305273,0.4397648282101546,1.6887970975648017,0.5136773418878263,1.088844193425641,0.6830950243547378
0.4312263501024324,-0.4930969776986095,0.49258754174433994,0.5365341416234906,-0.2819504345229436,0.09963709658442223,-0.12398380664648533,0.2362297805918188,0.5515029480836322,0.18992291837434755,-0.24740820914326078,-0.4796396530536243,0.6830950243547378
-1.8617071610914813,7.758532055197298,7.193042656426145,0.8864438647180032,1.0703255089921757,1.7154643147573343,0.03296694028647164,6.705529808298044,0.9314125286800052,1.5324687226790104,0.5322404041080967,1.088844193425641,-0.07609981527922365
0.24940106717035507,0.8026127533185465,0.562836946341603,0.0080990496032057515,1.5699618178051424,-0.15763148284534326,-0.490705263422529,0.6293480056695121,0.09896357658228119,0.8259715007022876,0.7928657976806934,0.8797130138950723,0.6830950243547378
0.7643051127811269,-0.3694770670934273,-0.4975945421027964,0.10807325620163807,-0.23307299078143331,0.2485820636227073,0.3891244044804893,-0.2813653185718553,-1.6162164220731194,-0.2877846419892691,0.2909205952445813,0.3568850650686505,-0.6834556869863928
-0.6468549910109879,-0.13778244964166467,0.6698836581088611,-0.8059766326983138,0.11449972525844583,-0.04028090275457303,-0.6008726146350855,0.3318865335334469,-0.3451954094546181,-0.1717124899349211,0.9048010628689238,0.7751474241297879,0.37941708850115324
0.5591479038848299,-0.43128702239601835,-0.5912604148991472,-0.11329820126631905,-0.4122902845003046,0.05450225808797216,0.14162514970159573,-0.3713366873536474,-1.6162164220731194,-0.2877846419892691,0.23523140858377004,0.3568850650686505,-0.8352946549131851
-0.9075253270204017,-0.18853151344285704,-0.557808317471879,9.580348461750304e-4,0.04932980026976532,-0.8730186730140767,1.2508443708143204,-0.6011157119472381,0.7833595183491232,-0.8735130929947261,-0.8947021887640902,0.6705818343645036,-0.8352946549131851
-1.7072358508636807,0.12500257532730127,1.2218432656587852,2.757389731060092,0.2394089653865,3.7600724986465224,-0.42581216613294104,1.0608954638347532,0.43417794452785025,1.4774519839370286,-0.048783443386367274,1.053988996837213,1.290450896061907
-0.4231930845950889,-0.2149521788369496,0.8572154037015625,1.0792512631578368,0.011314227926118376,0.5284180623006978,0.9354337351509743,0.3329511239984899,-0.8033216846186026,-0.12340494645432518,0.5322404041080967,1.053988996837213,0.6830950243547378
-1.8617071610914813,8.407536585874505,3.8612137526702397,1.0631839799545173,1.3147127276997272,4.166286045114573,1.632657245564687,4.1691435558245535,0.9314125286800052,1.5324687226790104,0.6064926529891783,1.2282649797793534,0.6830950243547378
-0.8214394312761376,0.49586230714284774,0.49927796122979373,2.014724196328881,0.3045788903751804,0.3298247729163176,3.6066147166061078,0.5171136036365898,-0.39268405562143643,0.30867875808109446,0.6064926529891783,1.2282649797793534,1.290450896061907
0.28801889472730524,0.9370648585905078,1.007749842124269,0.1437783299867923,1.5047918928164619,0.34787870831489753,-0.47259556185334173,1.0482165033251285,0.09896357658228119,0.8259715007022876,1.318200458514346,1.2282649797793534,0.6830950243547378
-1.59138236819283,1.083056882517463,1.3623420748533113,3.2072736607530374,2.221661067691947,1.9591924426381648,-0.446940151296993,1.6432992316554962,0.4397648282101546,1.6887970975648017,0.3800232939018792,0.8797130138950723,1.1386119281351146
1.1432425456837,-0.4621920000473139,-0.8454963553463849,-0.684579381828789,-0.6566775032078561,-0.6631416740055838,-0.2869711207691714,-0.8139924902730596,-0.1859685791026304,-0.5212708897766631,-0.22884514692299035,-0.34021886669991186,-0.8352946549131851
0.5905248887748517,-0.5549069330012005,-0.12293105091739347,0.45084196453912,-0.21678050953426325,0.040961806539037277,-0.4620315692713158,-0.35111307586044577,0.09058320943313501,1.652566415834782,-0.303097395804072,-0.34021886669991186,1.1386119281351146
-1.1778501199190519,-0.18103705636241793,0.04098422647622041,-0.4132208210616157,0.16518758951614165,-0.40587309457581844,-0.1420935082156727,0.10399648329102487,-0.12451261612764211,0.3355162839588166,-0.5111893232933034,-0.688770832584193,-0.22793878320601593
0.44329442121397944,2.659210742733535,0.12795967978711745,0.02238107911726751,0.011314227926118376,0.05901574193761723,0.7332087342950491,0.5921380543862578,0.7302839285590068,-1.8231945637973823,0.3094836574648517,0.8797130138950723,-1.1389725907667696
-0.15286829169643784,-0.5549069330012005,-0.8655676138027457,-1.02020707540924,-0.5589226157248356,-0.771465286397064,-0.44392186770212844,-0.6917953930615623,0.6883821294438822,1.082269657657999,-1.0270568223946182,-0.5842052428189087,-0.8352946549131851
-0.08045986502715703,-0.15314222353435855,0.40895729817616966,1.2006485140273615,-0.02127073456822188,-0.4239270299743985,-0.46504985286618034,0.738522320180731,2.1689121328510454,1.4558598793613804,0.6064926529891783,1.158554586602497,1.4422898639886992
0.1053884300906662,0.06319262002471014,-0.39054783033553836,-0.013323994667886729,-0.23307299078143331,-0.1486045151460531,-0.09983753788756884,-0.2514345602949466,-0.6496817756201688,0.8681186234038641,0.049600786381065874,0.18260908212650992,-0.5316167190596005
-1.4771382834854159,-0.012676009611455229,0.030948597248039885,-0.5560411162022333,0.1796696502471262,0.8511321575503157,-0.5088149649917164,0.5023005816745157,-0.8089085782910721,0.4851353093679724,1.2430200565222507,0.9494234070719285,1.4422898639886992
-1.2245130064018042,0.09409759767600571,-0.698307126666405,0.7079184957922313,-0.184195547039923,3.074022953500482,0.07824119420944,0.1103519843909858,0.6632410180062781,1.785412191524413,0.5136773418878263,1.053988996837213,0.8349339922815301
-1.1006144648051526,1.2843688164402371,0.21828034284074138,-0.513195027660048,4.089865149567953,0.6615658358652255,-0.4529767184867221,-0.05173780236814709,-0.2893263553454783,-0.2247165368584459,0.2175964994745131,0.18260908212650992,1.7459677998422838
-1.5286283984127866,0.9903419495635762,1.2352241046296926,3.3786580149217778,0.6467209965657528,2.2841632798126055,-0.40770246456375375,1.3870866613531398,0.4397648282101546,1.6887970975648017,0.5879295907689079,1.1934097831909254,0.5312560564279455
-1.2245130064018042,-0.11274941774411529,0.9174291790706453,2.9359150999858636,7.261468382916818,-0.15988822477016562,1.3006460501295858,0.7155138401877836,0.5822309015778477,1.0963595715208716,1.362009285354184,1.053988996837213,1.1386119281351146
1.1818603732406512,-0.40038204474472283,-0.8856388722591065,-0.8345406917264373,-0.8033098344323872,-0.0447943866042181,-0.34431850907159806,-0.8393759385462345,-0.1859685791026304,-0.5212708897766631,-0.09890371138109745,-0.16594288375777128,-0.8352946549131851
0.11745650120221242,-0.43128702239601835,0.8187454916602043,-0.2704005259209984,0.5815510715770723,1.1693327689502888,-0.1541666425951309,0.18560072697273464,-0.26139182371207836,-0.42398504092881545,0.049600786381065874,0.18260908212650992,-0.9871336228399774
-1.3307120321834172,0.4833241577097172,1.4593531573923888,0.4794060235672435,1.6134079999980961,0.29371690211915735,0.2462593834280463,0.7349446850919079,0.09896357658228119,0.8259715007022876,3.0867033962395087,1.2282649797793534,0.5312560564279455
-0.17217720547491333,2.1647311003128067,2.6903903427158555,0.7436235695773856,1.9664119775865319,0.34336522446525247,2.954665460115363,1.7402964306739985,0.3531678131141709,-0.056311296722852976,0.6250557152094488,1.2282649797793534,0.6830950243547378
-1.8158484908676027,-0.4930969776986095,-0.3738217816219044,1.1578024254851766,-0.330827878264454,0.45168883685673256,-0.5616349279018461,-0.41153564028940265,2.431496715511106,1.3741275602463272,0.4208620307864742,0.8797130138950723,1.5941288319154916
-1.5286283984127866,0.681292173050621,1.8273262290923384,1.971878107786696,0.07648415291479889,1.4401417999289892,-0.1481300754054018,1.8827610004209783,0.6716214151259229,0.06781216548300112,0.6510440023178274,1.158554586602497,1.290450896061907
-1.0507327823955288,-0.06042729058047194,0.027603387505313146,0.665072407250046,-0.6566775032078561,-0.825627092592804,-0.23867858325133853,-0.06122256708939356,-0.5323567687343339,0.06848317781322787,0.38373590634593335,0.7054370309529316,0.5312560564279455
-1.1014186810640252,-0.43128702239601835,-0.2132517139710174,1.0863922779148676,-0.23307299078143331,1.5845732831176296,-0.5797446294710336,-0.2792306205295326,0.5263618865968565,1.3768111684166338,0.5136773418878263,1.053988996837213,-0.07609981527922365
-0.8359211166099936,0.3722423965376656,0.4825519125161597,1.5719812813929674,0.15794655915064945,0.48328322380424776,3.5190844923550353,0.3197121765968485,-0.39268405562143643,0.30867875808109446,0.6064926529891783,1.2282649797793534,1.4422898639886992
0.8077501687826958,-0.6167168883037916,-0.4975945421027964,-0.15614428980850434,-0.5752150969720057,0.6999304485872079,-0.42581216613294104,-0.5224166522513574,-1.5826950159150717,-1.2458833806346028,0.049600786381065874,0.18260908212650992,-1.290811558693562
-1.1400365086209754,-0.43128702239601835,-0.2835011185682804,1.0435461893726825,-0.20048802828709306,1.8508688302466845,-0.5887994802556271,-0.2894128755554626,0.5263618865968565,1.3768111684166338,0.49882689211160997,0.8797130138950723,0.07573915264756866
-0.6886906490491214,0.317457142655214,1.0512375687797175,-0.07045211272413376,2.221661067691947,0.6999304485872079,-0.4454310094995607,0.9658967326256539,0.0961701147607978,-0.19537825041284404,2.3477078892505436,1.123699390014069,2.505162639476245
0.4408808069916697,-0.42658637529525634,0.06774590441803492,-0.40607980630458496,0.46207309299757465,-0.7443843832991939,-0.3850653376022695,-0.048314222028700254,0.8420220534275671,0.024872216882739457,0.27254316364651365,0.5311610480107911,0.22757812057436094
-1.0185515812466335,-0.29163051888757896,-0.8822936625163799,-0.3203876292202144,0.4403493502018479,-0.5796422227871513,-0.4997601142071228,0.2492554703858525,0.6911756062506155,0.2759858936935507,0.8604353441624778,0.7054370309529316,0.37941708850115324
0.9429125652320217,-0.6167168883037916,-0.6046412538700544,-0.6702973523147272,-0.6566775032078561,-0.5954394162609087,-0.3141356731229525,-0.65128896721692775,-0.1859685791026304,-0.5212708897766631,-0.9528045735135365,0.008333099184369315,-0.5316167190596005
-0.003224209913256715,0.49586230714284774,0.18482824541347323,0.10093224144460704,-0.36341284075879415,-0.10346967664960305,-0.23264201606160942,-0.2428382628404202,-0.6496817756201688,0.8681186234038641,-0.4887280180067762,-0.8630468155263337,-0.5316167190596005
-1.163368434585196,0.8976270166096899,1.0144402616097228,2.850222922901494,0.14165407790347925,2.5278914076934353,-0.4952326888148259,1.3421009769622438,0.4397648282101546,1.6887970975648017,0.5136773418878263,1.053988996837213,1.290450896061907
-1.3194481773307438,0.5691658236339555,1.5162217230187447,0.4294189202680272,2.4606170248509422,0.15379890278016242,0.12754002747780077,0.7951826384575625,-0.8089085782910721,0.4851353093679724,1.3382485657122378,0.3568850650686505,1.8978067677690762
0.4698441776593825,-0.5549069330012005,0.3788504104916284,0.20804746280007008,0.04389919042045863,0.8217945125276231,-0.3413002254767335,-0.11233224606293715,-0.4262055225529957,-0.776227090181572,-0.6929217024297507,-1.2115987814106148,-0.9871336228399774
-0.0852870934717757,-0.524001955349905,-0.8153894676618435,-0.9202328688108078,-0.5915075782191758,-0.6947360609530989,-0.1662397769745892,-0.6642108928615881,0.6883821294438822,1.082269657657999,-0.994571463509145,-0.34021886669991186,-0.8352946549131851
-1.6155185104159244,-0.06042729058047194,0.5059683807152472,2.1718265209835605,-0.03756321581539193,2.8844566318153912,-0.3895927629945664,0.09245426009876814,-0.08540428653475535,1.501605655199963,0.5136773418878263,1.053988996837213,1.7459677998422838
0.9139491945643098,-0.6785268436063827,-0.9558882768563697,-0.7631305441561287,-0.6078000594663459,0.011624161516344477,-0.37902877041254046,-0.7339391917197132,-0.48207458581978896,-0.4930915421927567,-0.24740820914326078,-0.4099292598767681,-0.22793878320601593
-1.5994274271186322,-0.17635804274601172,-0.2768106990828268,-0.2918235701920909,-0.08101004970759555,-0.024483709280815443,-0.5721989204838721,-0.3753425352306819,1.5124507277126833,0.8172493221881083,0.2638185244029866,-0.5144948496420525,1.290450896061907
-0.939706528169297,0.11126531276130049,1.094725295435166,0.04380412338835999,1.9392576249414981,0.7157276420609655,-0.43033959152523793,0.8379033360787019,0.0961701147607978,-0.19537825041284404,2.655669091484829,1.2282649797793534,1.290450896061907
0.2526188976515384,0.0013826647221191887,-0.13631188988830073,-0.22755443737881312,-0.44487524699464476,-0.3471978045304333,0.12653373172727295,-0.04686109954422465,0.14696019346732586,1.4720844171753626,0.5693665285486376,1.158554586602497,0.22757812057436094
1.3242636123569038,-0.3076671117908362,-0.6447837707827762,-0.32752864397724546,-0.7055549469493666,-0.4780888361701386,-0.3745013450202436,-0.6365143528438856,-0.7111377059189891,-0.14934782921605833,-1.040979119059821,-0.688770832584193,-1.290811558693562
0.16090155720378124,0.09409759767600571,-0.5310466395300646,0.12949630047273056,-0.07014817830973219,0.2215011605248375,0.2985758966345526,-0.09620975873116405,-0.6496817756201688,0.8681186234038641,0.049600786381065874,0.18260908212650992,-0.5316167190596005
0.3998493652124106,0.9903419495635762,0.34539831306436036,0.12235528571569983,0.060191671667628684,-0.3968461268765284,0.0661680598299818,0.9539386040494059,0.7302839285590068,-1.8231945637973823,0.6621818396499896,1.2282649797793534,-1.5944894945471466
-1.8649249915726638,-0.5917889333302566,0.23166118181164866,0.22232949231413182,0.6358591251678894,-0.16891519246945577,-0.6280371669888664,0.07812462204727189,1.5124507277126833,0.8172493221881083,0.7895244464810446,-0.2356532769346275,0.22757812057436094
-1.4546105737800687,0.31207658604612337,0.43571897611798416,-0.16328530456553536,0.7444758840487734,1.3182777359885738,-0.34733679266646256,0.6756310602225116,-0.8089085782910721,0.4851353093679724,0.756667826351166,0.7054370309529316,0.9867729602083224
-1.3886387735188421,0.21771750828118797,-0.07609811451921805,1.4505840305234419,-0.49375269073615513,2.4872700530466307,-0.09380097069783976,0.004538015625116871,1.0375637415607923,1.6921517897991791,0.5508034663283671,1.053988996837213,2.960679543256622
-1.4465655148542678,-0.33857208944213174,0.4792067027734327,3.292965837837407,0.04389919042045863,2.5143509561445003,-0.34733679266646256,0.46119745892182856,0.43417794452785025,1.4774519839370286,0.6621818396499896,1.053988996837213,-0.07609981527922365
0.5229436905501886,-0.45794565611802596,-0.032610387863769526,-0.47748995387489374,0.6358591251678894,-0.7872624798708214,-0.41524817355091515,-0.14693705938738488,0.6911756062506155,0.2759858936935507,1.007826058191425,0.9842786036603566,1.1386119281351146
-1.5061016541531287,-0.2501498578840101,-0.05602685606285716,0.0080990496032057515,0.8313689001339307,0.8443619317758482,-0.593326905647924,-0.0673554739302694,0.8420220534275671,0.024872216882739457,-0.028549705566272458,0.810002620718216,0.6830950243547378
-1.1907224072894727,-0.40038204474472283,-0.17979961654374924,1.0221231451015897,-0.15161058454558274,1.5890867669672741,-0.3986476137791601,-0.21968039642383505,0.5263618865968565,1.3768111684166338,0.6064926529891783,1.2282649797793534,0.5312560564279455
1.6090700905894109,-0.3694770670934273,-0.7284140143509463,-0.5631821309592642,-0.754432390690877,-0.5909259324112638,-0.40166589737402464,-0.7167130060850045,-0.7111377059189891,-0.14934782921605833,-1.040979119059821,-0.688770832584193,-0.6834556869863928
-1.8954977602038128,-0.2149521788369496,0.6966453360506756,1.3363277944109484,-0.10273314080407243,0.5374450299999879,-0.24773343403593223,0.34359766523879387,2.431496715511106,1.3741275602463272,0.5693665285486376,1.158554586602497,1.1386119281351146
-0.8785619563526889,-0.38435472333476095,-0.3336792647091826,-0.18470834883662784,0.5924129429749356,-0.4239270299743985,-0.3805379122099727,0.7351617622387566,0.6911756062506155,0.2759858936935507,0.6269120214314757,1.2282649797793534,0.5312560564279455
0.8270590825611704,-0.7094318212576782,-0.7752469507491218,-0.8416817064834682,-0.44487524699464476,0.3388517406156074,-0.32771794929984294,-0.56268265932045,-0.4262055225529957,-0.776227090181572,-0.748610889090562,-1.3858747643527554,-0.6834556869863928
-0.4360653719655096,-0.05372709142567106,0.8170728867888409,-0.6917203965858199,0.15794655915064945,0.5148776107517629,-0.5827629130658981,0.4855875511368002,-0.3451954094546181,-0.1717124899349211,0.17768591570093184,0.5311610480107911,0.22757812057436094
-1.538282855302024,-0.029522312929176377,0.024258177762586257,1.422019971495319,-0.3797053220059643,0.9346316087687483,-0.5193789575737424,0.41124552473147724,1.0375637415607923,1.6921517897991791,0.38373590634593335,0.810002620718216,0.6830950243547378
0.7546506558918896,-0.3694770670934273,-0.5343918492727914,-0.013323994667886729,-0.3797053220059643,0.2124741928255474,0.3015941802294172,-0.3077216247093083,-1.6162164220731194,-0.2877846419892691,-0.13602983582163827,-0.4099292598767681,-1.1389725907667696
0.12228372964683108,0.27952746358377895,0.4189929274043501,0.5793802301656755,0.09277663416196893,-0.27046857908646826,0.7362270178899134,0.6756310602225116,0.14696019346732586,1.4720844171753626,0.12385303526214754,0.3917402616570786,-0.3797777511328082
-1.6420682668613273,-0.4621920000473139,-0.05937206580558405,0.850738790932849,-0.44487524699464476,0.6412551585418229,-0.5827629130658981,0.30542964619598795,2.431496715511106,1.3741275602463272,0.5693665285486376,1.158554586602497,1.5941288319154916
0.5229436905501886,-0.33857208944213174,-0.5845699954136935,-0.8702457655115917,-0.39599780325313444,-0.20276632134179315,-0.5374886591429298,-0.5774782811593161,-0.015567982634806193,1.3976102395494443,-0.22884514692299035,-0.34021886669991186,-0.3797777511328082
-0.0016148119498205222,1.7272835036497791,1.9979319259714057,0.43655993502505824,2.4606170248509422,0.8443619317758482,-0.593326905647924,1.3231115010370493,-0.3451954094546181,-0.1717124899349211,2.1195678545634196,1.2282649797793534,-1.1389725907667696
-1.963078958428475,0.24862248593248337,1.8407070680632454,1.4862891043085968,0.4512112215997113,0.2892034182695126,0.15671656767591854,0.967859763598768,0.9314125286800052,1.5324687226790104,0.6064926529891783,1.2282649797793534,1.7459677998422838
0.5736295892186859,-0.6167168883037916,-0.4373807667337138,-0.08473414223819553,-0.330827878264454,0.3072573536680926,0.1989725380040223,-0.47337567816992165,-1.5826950159150717,-1.2458833806346028,-0.34022352024461283,-0.5144948496420525,-1.1389725907667696
0.8367135394504095,-0.6476218659550872,-0.4909041226173428,-0.0775931274811648,-0.5752150969720057,0.28017645057022245,-0.38657447939970185,-0.549067062910347,-1.5826950159150717,-1.2458833806346028,-0.5072910802270466,-0.8630468155263337,-0.8352946549131851
0.9139491945643098,-0.5549069330012005,-0.788627789720029,0.015240064360236474,-0.6892624657021964,-0.6586281901559389,-0.446940151296993,-0.6977256521260545,-1.551967031825971,0.2701303515932243,-1.147716726826376,-1.5601507472948961,-1.1389725907667696
-1.068432298210568,-0.2142166403688488,8.417095634986237e-4,-0.3703747325194304,1.2585942535927248,-0.4261837718992209,-0.23415115785904173,0.15582826737769187,-0.12451261612764211,0.3355162839588166,-0.3534032944210049,0.6705818343645036,0.22757812057436094
0.8246454683388615,-0.5549069330012005,-0.7016523364091319,-0.5774641604733259,-0.754432390690877,-0.2840090306354033,-0.3488459344638949,-0.7204576399172977,-0.1859685791026304,-0.5212708897766631,0.34660978190539254,0.7751474241297879,-0.3797777511328082
-2.032269554616574,-0.48683562922645696,0.24169681103982918,-0.20613139310772033,0.570689200179209,-0.08992922510066816,-0.6672748537221056,0.1674619473151017,1.5124507277126833,0.8172493221881083,0.4165925264758119,-0.5144948496420525,0.07573915264756866
0.38778129410086354,-0.4621920000473139,0.5394204781425155,0.10093224144460704,-0.10273314080407243,-0.5457910939148136,-0.16020320978486,0.019164941147517094,-0.26139182371207836,-0.42398504092881545,-0.2659712713635312,-0.34021886669991186,-0.07609981527922365
0.20917384164996958,-0.524001955349905,0.11792405055893708,0.550816171137552,-0.20048802828709306,0.013880903441167172,-0.4409035841072638,-0.24867451880026545,0.09058320943313501,1.652566415834782,0.10528997304187712,0.3568850650686505,0.37941708850115324
0.2574461260961571,-0.3076671117908362,1.094725295435166,0.05808615290242175,0.6304285153185828,0.6773630293389828,0.10238746296835648,1.1754194674458724,-0.26139182371207836,-0.42398504092881545,0.4022989685662038,0.7054370309529316,-0.22793878320601593
-1.8713616179807187,0.5267672847941433,1.3355803969114968,1.1006743074289296,-0.02127073456822188,-0.5909259324112638,-0.32319052390754616,0.9588131849070836,0.9314125286800052,1.5324687226790104,0.5693665285486376,1.2282649797793534,2.0496457356958686
0.4489258659174717,-0.4749001268575267,-0.04599122683467679,-0.513195027660048,0.6575828679636162,-0.7218169640509688,-0.36997391962794673,-0.06462450337314295,0.8420220534275671,0.024872216882739457,-0.0025614184578940337,-0.688770832584193,0.6830950243547378
-0.8528164161661593,-0.2767621341395407,-0.3136080062528217,0.4151368907539654,-0.6240925407135159,-0.9294372211346392,0.1748262692451058,-0.28168361350858334,-0.5323567687343339,0.06848317781322787,-0.11746677360136787,-0.16594288375777128,-0.07609981527922365
